t1,prueba1
t2,prueba2
t3,prueba3
t4,prueba4
t5,prueba5
t6,prueba6
t7,prueba7
t8,prueba8
t9,prueba9
t10,prueba10
t11,prueba11
t12,prueba12
t13,prueba13
t14,prueba14
t15,prueba15
t16,prueba16
t17,prueba17
t18,prueba18
t19,prueba19
t20,prueba20
t21,prueba21
t22,prueba22
t23,prueba23
t24,prueba24
t25,prueba25
t26,prueba26
t27,prueba27
t28,prueba28
t29,prueba29
t30,prueba30
t31,prueba31
t32,prueba32
t33,prueba33
t34,prueba34
t35,prueba35
t36,prueba36
t37,prueba37
t38,prueba38
t39,prueba39
t40,prueba40
t41,prueba41
t42,prueba42
t43,prueba43
t44,prueba44
t45,prueba45
t46,prueba46
t47,prueba47
t48,prueba48
t49,prueba49
t50,prueba50
t51,prueba51
t52,prueba52
t53,prueba53
t54,prueba54
t55,prueba55
t56,prueba56
t57,prueba57
t58,prueba58
t59,prueba59
t60,prueba60
t61,prueba61
t62,prueba62
t63,prueba63
t64,prueba64
t65,prueba65
t66,prueba66
t67,prueba67
t68,prueba68
t69,prueba69
t70,prueba70
t71,prueba71
t72,prueba72
t73,prueba73
t74,prueba74
t75,prueba75
t76,prueba76
t77,prueba77
t78,prueba78
t79,prueba79
t80,prueba80
t81,prueba81
t82,prueba82
t83,prueba83
t84,prueba84
t85,prueba85
t86,prueba86
t87,prueba87
t88,prueba88
t89,prueba89
t90,prueba90
t91,prueba91
t92,prueba92
t93,prueba93
t94,prueba94
t95,prueba95
t96,prueba96
t97,prueba97
t98,prueba98
t99,prueba99
t100,prueba100
